{
    "estados":
    [
        {
            "id": 1,
            "nome": "MINAS GERAIS"
        },
        {
            "id": 2,
            "nome": "GOIÁS"           
        },
        {
            "id": 3,
            "nome": "RIO DE JANIERO"
        },
        {
            "id": 4,
            "nome": "PARANA"
        },
        {
            "id": 5,
            "nome": "ESPIRITO SANTO"
        },
        {    
            "id": 6,
            "nome": "BAHIA"
        },
        {
            "id": 7,
            "nome": "PERNANBUCO"
        },
        {
            "id": 8,
            "nome": "SÃO PAULO"
        },

        {
            "id": 9,
            "nome": "MARANHÃO"
        },

        {
            "id":10,
            "nome":"RIO GRANDE DO SUL"


        }

    ]
}